date,region,channel,sales_usd,units_sold,discount_rate,customer_satisfaction,marketing_spend,returns
2022-01-01,South,Retail,9883.1,605,0.051,4.65,682.85,41
2022-01-02,West,Retail,7451.06,544,0.33,4.84,890.13,8
2022-01-03,East,Online,8682.39,680,0.313,4.97,624.02,31
2022-01-04,East,Wholesale,8986.26,655,0.283,4.19,984.27,17
2022-01-05,North,Retail,10348.4,662,0.014,4.25,791.27,15
2022-01-06,North,Online,10177.71,687,0.121,4.11,1182.62,58
2022-01-07,North,Wholesale,10071.63,717,0.105,4.42,1324.36,9
2022-01-08,West,Wholesale,9581.56,683,0.144,4.63,1224.55,32
2022-01-09,East,Wholesale,9722.31,647,0.035,4.78,1225.84,16
2022-01-10,East,Retail,7002.35,530,0.375,4.46,481.57,47
2022-01-11,North,Retail,9144.56,642,0.222,4.38,538.05,38
2022-01-12,West,Online,9482.86,628,0.122,4.52,1136.95,19
2022-01-13,West,Wholesale,9339.63,702,0.159,4.23,811.0,38
2022-01-14,North,Wholesale,8104.38,566,0.179,5.0,755.61,42
2022-01-15,North,Online,7963.79,615,0.24,3.99,423.0,59
2022-01-16,North,Online,9643.39,729,0.206,4.53,732.49,21
2022-01-17,South,Online,8056.89,640,0.368,5.0,429.98,57
2022-01-18,South,Wholesale,9405.04,653,0.199,4.47,1297.13,61
2022-01-19,South,Wholesale,7947.1,621,0.397,4.41,590.78,57
2022-01-20,North,Online,8222.12,615,0.341,4.35,869.36,41
2022-01-21,East,Retail,10187.08,668,0.083,4.41,549.06,44
2022-01-22,North,Online,7700.06,597,0.372,4.87,898.48,27
2022-01-23,North,Wholesale,9713.19,621,0.047,3.79,799.42,48
2022-01-24,South,Wholesale,7940.07,630,0.327,4.91,1109.96,36
2022-01-25,South,Wholesale,8784.31,602,0.152,4.02,1219.37,42
2022-01-26,East,Online,7916.24,604,0.351,4.37,653.32,29
2022-01-27,North,Online,8281.57,630,0.347,4.32,1160.22,47
2022-01-28,South,Online,7930.72,585,0.322,4.62,1186.56,49
2022-01-29,East,Online,9124.07,689,0.316,3.96,1209.32,15
2022-01-30,North,Wholesale,8554.84,580,0.122,4.58,1150.52,49
2022-01-31,East,Wholesale,9513.64,666,0.032,5.0,712.58,39
2022-02-01,North,Wholesale,8699.26,571,0.161,4.03,936.65,49
2022-02-02,North,Wholesale,10584.65,723,0.069,4.49,600.42,35
2022-02-03,West,Retail,8574.66,685,0.278,4.24,510.12,30
2022-02-04,West,Retail,9885.88,656,0.138,4.56,1481.79,60
2022-02-05,West,Wholesale,6922.86,519,0.39,4.44,572.27,16
2022-02-06,South,Wholesale,8715.62,647,0.256,4.24,1087.87,55
2022-02-07,North,Online,8763.82,655,0.329,4.57,1145.14,35
2022-02-08,East,Online,9576.63,659,0.053,4.97,1300.53,37
2022-02-09,South,Online,8787.36,669,0.345,4.36,1316.02,25
2022-02-10,North,Wholesale,7620.93,600,0.369,4.64,565.09,37
2022-02-11,South,Retail,9821.04,726,0.195,4.03,530.68,28
2022-02-12,North,Online,10181.73,739,0.243,4.13,927.75,10
2022-02-13,West,Retail,8005.54,587,0.306,4.56,504.41,20
2022-02-14,North,Retail,9051.1,637,0.07,4.86,472.85,6
2022-02-15,East,Online,9797.36,750,0.201,4.52,842.99,73
2022-02-16,South,Online,10111.07,701,0.159,4.31,1298.0,68
2022-02-17,South,Retail,9026.92,584,0.059,4.41,962.43,26
2022-02-18,South,Retail,8686.13,641,0.147,4.03,705.99,48
2022-02-19,North,Retail,9350.73,625,0.027,4.58,1079.39,25
2022-02-20,West,Retail,8579.32,508,0.01,4.66,628.02,35
2022-02-21,East,Wholesale,8716.29,617,0.054,4.26,448.35,50
2022-02-22,West,Retail,7172.79,539,0.385,,906.89,51
2022-02-23,West,Retail,8070.59,579,0.22,4.47,906.93,26
2022-02-24,East,Wholesale,7784.03,606,0.386,4.26,982.58,48
2022-02-25,West,Online,9004.11,640,0.173,4.37,485.27,21
2022-02-26,North,Online,10223.74,727,0.125,5.0,1367.04,72
2022-02-27,North,Online,7961.89,558,0.202,4.31,891.35,6
2022-02-28,North,Retail,9521.17,685,0.176,4.28,1012.48,44
2022-03-01,South,Retail,9273.88,618,0.042,4.19,1042.95,42
2022-03-02,South,Retail,8369.36,631,0.256,4.6,1141.94,45
2022-03-03,North,Online,9733.57,684,0.086,4.32,1057.98,14
2022-03-04,West,Online,7647.39,531,0.248,4.18,826.64,50
2022-03-05,South,Online,8636.24,660,0.26,4.77,1287.39,17
2022-03-06,North,Online,9451.99,626,0.061,4.8,1187.86,41
2022-03-07,South,Retail,9880.44,687,0.025,4.19,931.03,20
2022-03-08,North,Online,8298.85,626,0.312,3.81,1002.0,23
2022-03-09,West,Online,10498.24,791,0.184,4.67,933.54,46
2022-03-10,North,Wholesale,8975.35,596,0.023,4.16,654.19,28
2022-03-11,West,Online,7337.7,558,0.398,4.6,804.84,13
2022-03-12,East,Retail,8975.71,602,0.023,3.77,1281.89,15
2022-03-13,North,Retail,7859.8,570,0.278,4.63,1123.28,27
2022-03-14,North,Online,7275.34,587,0.393,3.99,612.52,45
2022-03-15,West,Retail,10009.47,637,0.096,4.57,1028.65,57
2022-03-16,East,Wholesale,10387.34,672,0.057,4.36,739.2,11
2022-03-17,East,Wholesale,8871.76,569,0.049,4.06,1326.89,25
2022-03-18,East,Online,8338.75,608,0.121,4.23,1235.07,11
2022-03-19,North,Wholesale,9713.85,706,0.04,4.55,1116.62,8
2022-03-20,South,Online,7831.03,574,0.277,4.38,1021.49,39
2022-03-21,North,Online,9906.42,660,0.025,4.52,1203.73,42
2022-03-22,West,Online,8695.0,622,0.204,4.93,950.5,15
2022-03-23,East,Wholesale,6645.83,557,0.399,3.87,367.75,17
2022-03-24,South,Online,8995.79,637,0.326,4.82,858.89,7
2022-03-25,North,Online,9591.89,695,0.246,4.36,1126.84,59
2022-03-26,South,Retail,8453.21,617,0.123,4.06,995.39,60
2022-03-27,South,Online,8033.49,600,0.25,3.93,701.42,13
2022-03-28,East,Online,8687.97,627,0.211,4.27,1252.54,19
2022-03-29,East,Online,8914.12,658,0.17,4.6,594.89,58
2022-03-30,West,Online,9736.41,578,0.052,4.29,973.99,54
2022-03-31,South,Online,9109.6,698,0.355,4.77,1084.85,33
2022-04-01,North,Online,8479.2,581,0.18,3.88,1015.08,8
2022-04-02,East,Retail,8471.18,525,0.078,4.31,973.03,7
2022-04-03,East,Online,7729.76,560,0.147,3.94,599.28,34
2022-04-04,East,Online,8122.62,615,0.166,4.42,533.01,27
2022-04-05,East,Wholesale,7851.21,585,0.331,4.58,891.85,7
2022-04-06,South,Online,9270.43,705,0.293,4.18,1019.1,44
2022-04-07,South,Retail,7622.66,618,0.308,3.53,517.85,6
2022-04-08,South,Online,9574.69,678,0.004,4.37,1153.88,54
2022-04-09,North,Online,8615.51,656,0.166,4.43,822.93,24
2022-04-10,North,Online,9358.61,684,0.193,4.42,1092.86,9
2022-04-11,North,Online,11376.51,762,0.008,4.67,1521.46,47
2022-04-12,East,Online,8502.08,539,0.104,3.98,569.41,24
2022-04-13,South,Online,7627.43,561,0.304,4.5,395.97,54
2022-04-14,South,Online,9935.95,648,0.055,4.65,1270.91,38
2022-04-15,West,Online,8858.18,698,0.214,3.76,982.99,24
2022-04-16,North,Online,10379.28,703,0.086,4.39,1245.14,51
2022-04-17,South,Online,9806.04,658,0.005,4.14,1312.2,22
2022-04-18,East,Online,8631.78,611,0.096,,1124.56,55
2022-04-19,North,Retail,7905.98,606,0.39,4.39,1155.0,26
2022-04-20,North,Retail,8591.44,687,0.321,4.14,890.02,40
2022-04-21,North,Online,8076.86,596,0.384,4.08,798.39,8
2022-04-22,North,Retail,8788.29,630,0.195,4.29,792.6,30
2022-04-23,West,Retail,9956.57,650,0.044,3.95,650.85,55
2022-04-24,West,Online,9132.09,613,0.219,3.95,979.52,50
2022-04-25,East,Wholesale,9473.4,649,0.182,4.48,736.1,19
2022-04-26,West,Wholesale,8167.99,610,0.338,,1160.92,18
2022-04-27,West,Online,8989.05,594,0.039,4.47,973.69,49
2022-04-28,North,Online,8494.71,584,0.195,4.4,928.34,54
2022-04-29,West,Wholesale,9948.01,633,0.06,3.75,850.48,11
2022-04-30,South,Retail,8070.56,561,0.13,4.06,445.49,28
2022-05-01,West,Online,8161.68,557,0.295,4.62,433.99,22
2022-05-02,West,Online,8105.05,601,0.19,3.96,748.37,53
2022-05-03,South,Online,8591.16,605,0.15,4.12,502.21,10
2022-05-04,North,Online,9471.98,619,0.158,4.39,1048.4,17
2022-05-05,North,Retail,8542.95,597,0.184,4.49,1179.76,46
2022-05-06,South,Online,7827.77,562,0.314,4.17,1082.51,8
2022-05-07,West,Online,6699.68,527,0.357,4.07,776.52,28
2022-05-08,West,Retail,7954.62,646,0.382,4.67,565.76,32
2022-05-09,North,Online,8212.88,554,0.315,4.77,1119.41,22
2022-05-10,South,Online,10263.99,712,0.126,4.54,1422.69,32
2022-05-11,South,Retail,7737.4,566,0.275,4.27,539.03,32
2022-05-12,North,Wholesale,8566.12,626,0.175,3.99,1059.99,15
2022-05-13,North,Retail,8926.84,621,0.102,3.99,702.11,38
2022-05-14,South,Retail,8702.86,624,0.336,4.39,1133.67,51
2022-05-15,West,Online,9048.08,596,0.015,4.36,1354.71,46
2022-05-16,South,Online,7714.19,562,0.361,4.65,408.87,13
2022-05-17,South,Retail,8776.31,654,0.185,4.42,1226.37,15
2022-05-18,East,Online,8137.18,594,0.255,3.77,913.5,20
2022-05-19,South,Online,7650.99,619,0.264,,1127.28,26
2022-05-20,West,Online,7651.17,579,0.358,,738.35,27
2022-05-21,West,Online,8741.69,612,0.255,4.1,1177.84,43
2022-05-22,North,Online,7308.14,490,0.246,4.29,411.01,7
2022-05-23,South,Online,9129.33,559,0.027,4.81,762.55,7
2022-05-24,South,Online,7690.58,506,0.207,5.0,436.07,22
2022-05-25,North,Online,9787.26,672,0.06,4.39,1443.96,48
2022-05-26,North,Wholesale,6743.13,523,0.295,4.15,888.05,14
2022-05-27,East,Retail,7786.39,512,0.205,4.37,1053.15,34
2022-05-28,South,Retail,8136.72,623,0.272,4.47,1170.03,20
2022-05-29,North,Retail,10276.27,673,0.017,4.11,601.27,60
2022-05-30,North,Online,8898.11,604,0.034,4.74,788.01,54
2022-05-31,West,Online,7414.22,599,0.287,4.27,423.38,22
2022-06-01,North,Retail,10444.33,728,0.029,4.35,742.38,22
2022-06-02,North,Retail,7814.78,518,0.029,4.4,569.98,24
2022-06-03,South,Retail,7303.39,461,0.005,4.32,707.78,14
2022-06-04,West,Online,7622.93,520,0.383,4.44,585.87,36
2022-06-05,North,Online,7388.17,529,0.295,4.0,444.01,44
2022-06-06,East,Online,7662.62,532,0.141,4.02,511.47,37
2022-06-07,East,Online,9052.1,597,0.119,3.86,585.92,50
2022-06-08,North,Retail,8598.53,597,0.14,4.32,1266.63,27
2022-06-09,East,Retail,7261.53,548,0.31,4.42,914.44,13
2022-06-10,South,Online,6953.81,509,0.265,4.32,1020.65,38
2022-06-11,East,Wholesale,9369.64,619,0.074,4.68,880.5,26
2022-06-12,East,Retail,9213.8,633,0.07,4.17,717.17,44
2022-06-13,South,Online,8764.75,605,0.039,4.37,1137.92,20
2022-06-14,North,Online,9105.85,627,0.264,3.84,752.37,10
2022-06-15,West,Online,6905.72,563,0.306,4.05,552.03,56
2022-06-16,South,Online,7369.09,509,0.106,4.38,,12
2022-06-17,North,Online,8407.1,562,0.008,4.42,529.38,55
2022-06-18,North,Online,8806.37,614,0.033,4.08,666.17,60
2022-06-19,East,Online,7401.91,577,0.387,4.14,633.1,47
2022-06-20,East,Online,8265.87,603,0.118,3.7,970.41,41
2022-06-21,North,Wholesale,7829.97,592,0.308,4.05,440.49,36
2022-06-22,South,Online,6969.65,496,0.25,4.42,495.2,43
2022-06-23,North,Retail,9342.27,664,0.153,4.33,1222.93,23
2022-06-24,East,Online,8522.55,550,0.082,4.3,551.34,28
2022-06-25,North,Wholesale,9602.8,653,0.049,4.16,809.18,42
2022-06-26,East,Online,8082.46,587,0.246,4.15,1102.98,27
2022-06-27,South,Online,7860.26,579,0.31,3.95,514.79,28
2022-06-28,West,Wholesale,8176.98,592,0.258,4.35,476.5,23
2022-06-29,North,Wholesale,8297.56,539,0.212,4.27,816.93,32
2022-06-30,South,Wholesale,9352.88,610,0.017,4.29,750.49,52
2022-07-01,North,Online,8042.98,616,0.387,3.98,855.3,17
2022-07-02,West,Online,7615.27,576,0.319,3.49,992.88,54
2022-07-03,West,Retail,8912.57,586,0.117,4.46,567.86,42
2022-07-04,North,Wholesale,7092.94,589,0.392,3.99,766.53,49
2022-07-05,East,Retail,8831.31,610,0.241,,888.0,36
2022-07-06,West,Retail,7369.09,566,0.233,4.34,474.63,45
2022-07-07,East,Online,8773.0,657,0.299,4.01,986.08,7
2022-07-08,South,Retail,7402.79,539,0.325,4.44,572.71,45
2022-07-09,North,Online,6705.62,552,0.263,4.31,662.4,7
2022-07-10,North,Online,8730.65,556,0.051,4.32,508.36,50
2022-07-11,West,Online,7744.87,570,0.135,3.71,743.19,56
2022-07-12,West,Retail,7751.47,621,0.371,4.48,625.13,22
2022-07-13,East,Online,7943.93,527,0.09,4.19,1050.49,15
2022-07-14,South,Online,7845.77,594,0.149,4.0,436.99,46
2022-07-15,South,Retail,6683.81,472,0.173,4.15,613.98,15
2022-07-16,East,Online,7716.34,558,0.176,3.57,739.56,49
2022-07-17,West,Retail,6033.55,459,0.245,4.23,739.11,8
2022-07-18,West,Online,6119.87,479,0.377,3.79,657.45,10
2022-07-19,East,Online,8958.86,640,0.096,3.7,1045.69,62
2022-07-20,East,Retail,9197.18,646,0.049,,1174.52,45
2022-07-21,North,Online,8771.29,548,0.079,4.43,1194.83,47
2022-07-22,North,Online,6590.78,549,0.355,3.91,536.41,21
2022-07-23,West,Online,7612.33,509,0.258,4.55,790.18,36
2022-07-24,East,Online,8269.15,605,0.114,,1108.16,38
2022-07-25,North,Wholesale,6561.3,536,0.326,3.58,977.27,34
2022-07-26,North,Online,8247.66,586,0.345,3.75,1146.03,41
2022-07-27,East,Wholesale,7856.24,579,0.339,4.46,684.65,35
2022-07-28,North,Online,6997.19,506,0.368,4.04,486.42,24
2022-07-29,North,Retail,8322.82,568,0.101,3.92,823.45,19
2022-07-30,South,Retail,7559.58,555,0.302,4.13,938.63,43
2022-07-31,East,Retail,6444.29,489,0.184,4.23,639.64,14
2022-08-01,East,Online,7091.65,579,0.337,,697.24,41
2022-08-02,North,Online,6982.94,565,0.291,4.51,934.48,17
2022-08-03,East,Online,6683.46,490,0.311,3.96,575.72,32
2022-08-04,North,Wholesale,7369.35,537,0.262,3.67,1002.08,41
2022-08-05,South,Wholesale,9779.74,615,0.071,3.94,886.83,18
2022-08-06,East,Wholesale,8204.34,566,0.218,4.14,679.51,8
2022-08-07,East,Online,6611.19,548,0.394,3.77,630.7,11
2022-08-08,West,Retail,7427.62,618,0.375,3.77,937.7,39
2022-08-09,East,Wholesale,9712.25,613,0.017,4.16,607.99,53
2022-08-10,East,Online,9100.83,602,0.066,4.04,633.8,8
2022-08-11,North,Online,8483.48,575,0.053,4.06,1231.33,43
2022-08-12,South,Retail,6959.62,530,0.29,3.83,470.12,21
2022-08-13,North,Retail,7705.22,554,0.327,3.98,822.71,29
2022-08-14,North,Wholesale,8579.38,601,0.085,3.77,925.99,56
2022-08-15,West,Online,8410.74,586,0.202,4.31,832.35,23
2022-08-16,South,Retail,7606.03,573,0.336,4.36,870.7,29
2022-08-17,West,Online,8081.14,613,0.293,3.49,589.78,6
2022-08-18,East,Online,7306.33,530,0.217,3.76,769.11,9
2022-08-19,East,Online,8529.28,602,0.236,3.59,743.9,20
2022-08-20,South,Wholesale,7877.71,562,0.203,3.84,915.13,7
2022-08-21,East,Retail,9654.53,664,0.119,4.01,619.07,44
2022-08-22,South,Retail,7138.41,509,0.226,3.6,764.44,24
2022-08-23,North,Online,8606.67,621,0.276,3.75,589.79,36
2022-08-24,East,Wholesale,7217.97,599,0.349,3.73,562.02,15
2022-08-25,North,Online,7034.32,536,0.255,4.09,,19
2022-08-26,North,Wholesale,6941.62,514,0.304,4.05,474.0,35
2022-08-27,East,Online,8046.73,570,0.064,3.81,1066.76,55
2022-08-28,North,Online,8080.66,565,0.185,4.07,634.9,8
2022-08-29,West,Online,8958.63,633,0.004,3.86,1278.51,57
2022-08-30,West,Online,7692.91,543,0.099,3.94,1130.8,33
2022-08-31,West,Retail,7286.9,540,0.291,4.52,780.62,32
2022-09-01,South,Retail,8219.11,640,0.397,4.42,528.49,35
2022-09-02,North,Online,9718.43,608,0.04,3.62,849.92,9
2022-09-03,West,Wholesale,8163.37,542,0.161,4.26,1059.39,9
2022-09-04,South,Online,7183.09,507,0.32,,623.05,32
2022-09-05,West,Retail,8259.66,571,0.082,3.66,484.86,23
2022-09-06,West,Wholesale,8000.7,629,0.222,4.25,845.5,58
2022-09-07,West,Retail,6558.07,562,0.293,4.46,882.14,26
2022-09-08,North,Online,7269.65,553,0.246,3.66,942.09,12
2022-09-09,South,Wholesale,6887.01,489,0.075,3.72,464.96,36
2022-09-10,West,Retail,8178.56,519,0.142,4.3,959.15,18
2022-09-11,South,Online,7586.4,552,0.314,4.07,546.6,31
2022-09-12,North,Online,7190.06,500,0.222,4.16,516.4,36
2022-09-13,East,Retail,9715.95,629,0.002,4.09,1335.04,57
2022-09-14,West,Retail,6341.82,478,0.304,4.1,475.43,38
2022-09-15,East,Retail,7231.97,470,0.014,3.59,551.98,33
2022-09-16,East,Wholesale,7341.55,489,0.298,4.3,367.56,34
2022-09-17,North,Retail,8904.74,632,0.081,4.33,1220.54,60
2022-09-18,East,Online,7909.25,571,0.383,3.91,1022.35,20
2022-09-19,West,Online,7470.36,534,0.147,3.96,842.16,5
2022-09-20,North,Online,8680.5,667,0.131,3.52,1085.29,22
2022-09-21,South,Retail,8138.26,526,0.06,4.13,530.65,15
2022-09-22,West,Online,7768.97,466,0.122,4.14,744.52,32
2022-09-23,East,Retail,7515.83,562,0.351,3.95,639.76,37
2022-09-24,East,Retail,7144.67,589,0.399,4.3,424.23,37
2022-09-25,East,Wholesale,6608.2,528,0.147,3.86,651.65,6
2022-09-26,South,Online,8711.37,579,0.179,4.13,1237.66,43
2022-09-27,North,Wholesale,8116.8,613,0.289,3.66,438.36,24
2022-09-28,West,Online,6480.31,488,0.354,3.95,512.89,34
2022-09-29,West,Wholesale,7656.98,554,0.237,3.9,541.76,33
2022-09-30,West,Online,8074.0,648,0.157,4.02,595.98,26
2022-10-01,West,Online,7860.25,511,0.165,3.84,,11
2022-10-02,South,Retail,6811.65,517,0.278,3.91,659.41,9
2022-10-03,South,Online,7804.37,534,0.001,4.2,754.14,45
2022-10-04,East,Online,7289.21,568,0.248,3.82,918.86,52
2022-10-05,East,Retail,8613.57,605,0.142,3.46,563.75,41
2022-10-06,East,Retail,7371.54,564,0.318,4.47,727.77,10
2022-10-07,East,Retail,7876.88,520,0.037,4.36,732.54,24
2022-10-08,West,Retail,7882.99,580,0.235,3.55,864.69,43
2022-10-09,South,Retail,5451.56,391,0.192,4.14,817.49,31
2022-10-10,South,Online,8038.71,605,0.257,3.78,1020.47,12
2022-10-11,North,Online,6817.24,448,0.026,4.01,612.1,4
2022-10-12,East,Online,7074.35,529,0.232,4.02,939.16,39
2022-10-13,North,Wholesale,6560.87,481,0.225,3.86,440.04,20
2022-10-14,South,Retail,6432.44,507,0.224,3.69,341.22,16
2022-10-15,South,Online,8092.41,586,0.241,3.72,570.07,6
2022-10-16,North,Online,6826.32,456,0.271,3.65,573.69,26
2022-10-17,East,Wholesale,7164.85,579,0.322,3.67,724.07,50
2022-10-18,North,Online,7775.45,512,0.108,3.9,867.06,49
2022-10-19,North,Retail,7207.75,526,0.33,3.7,,32
2022-10-20,West,Retail,7478.25,520,0.199,4.12,755.19,29
2022-10-21,South,Retail,7100.93,520,0.031,4.36,711.0,9
2022-10-22,North,Online,8923.74,535,0.023,3.74,491.02,31
2022-10-23,South,Wholesale,7307.93,608,0.134,3.98,390.91,26
2022-10-24,East,Wholesale,5880.22,486,0.314,4.06,,31
2022-10-25,North,Retail,6757.77,513,0.283,4.05,634.0,23
2022-10-26,East,Retail,7925.01,589,0.315,3.93,1061.3,18
2022-10-27,North,Wholesale,7963.65,580,0.207,4.12,526.14,10
2022-10-28,North,Retail,7220.42,532,0.176,4.04,379.05,20
2022-10-29,South,Online,7677.68,542,0.059,3.53,728.64,10
2022-10-30,South,Retail,7406.74,536,0.131,4.16,546.23,13
2022-10-31,East,Retail,8985.63,636,0.174,4.16,493.86,62
2022-11-01,East,Online,8327.66,556,0.035,3.66,1019.8,27
2022-11-02,West,Retail,8134.87,555,0.088,3.9,497.52,32
2022-11-03,South,Wholesale,7909.59,569,0.239,4.09,876.64,50
2022-11-04,South,Wholesale,7117.47,567,0.294,3.82,555.91,56
2022-11-05,East,Online,6355.47,521,0.399,4.2,428.04,32
2022-11-06,North,Online,6494.98,419,0.373,4.59,571.4,34
2022-11-07,South,Wholesale,7040.74,540,0.257,3.64,916.31,21
2022-11-08,North,Wholesale,7418.02,534,0.168,3.46,661.76,20
2022-11-09,North,Online,7598.6,556,0.254,3.97,950.41,25
2022-11-10,West,Wholesale,6877.64,509,0.314,4.09,430.19,35
2022-11-11,West,Wholesale,8492.47,609,0.047,3.8,1080.9,43
2022-11-12,East,Retail,7382.38,553,0.164,4.3,544.03,21
2022-11-13,South,Retail,6792.03,496,0.336,3.47,799.69,10
2022-11-14,North,Online,5996.98,442,0.154,4.07,639.15,29
2022-11-15,North,Online,7812.31,537,0.229,3.68,1116.49,11
2022-11-16,North,Online,7376.68,497,0.235,4.38,654.55,30
2022-11-17,South,Wholesale,8547.13,565,0.074,4.46,483.91,40
2022-11-18,East,Online,5336.34,410,0.145,3.63,277.04,29
2022-11-19,East,Online,9083.55,660,0.134,3.69,1205.26,51
2022-11-20,North,Online,7904.81,544,0.01,4.11,810.03,48
2022-11-21,West,Retail,8895.4,616,0.01,3.73,1134.38,33
2022-11-22,East,Wholesale,6014.17,482,0.333,3.84,441.7,36
2022-11-23,East,Online,8064.42,540,0.109,3.85,681.51,35
2022-11-24,East,Online,6446.2,484,0.207,3.27,341.72,12
2022-11-25,South,Retail,7079.22,519,0.119,3.84,,6
2022-11-26,North,Online,7755.96,614,0.376,3.63,905.79,21
2022-11-27,South,Online,7455.69,553,0.104,3.69,1068.55,27
2022-11-28,East,Online,7480.71,554,0.172,4.27,572.65,36
2022-11-29,North,Online,7181.5,559,0.349,3.46,798.2,48
2022-11-30,North,Online,6981.01,564,0.337,4.08,822.71,15
2022-12-01,North,Online,7810.38,534,0.074,3.75,638.54,11
2022-12-02,North,Online,6949.09,501,0.321,3.74,936.81,48
2022-12-03,West,Wholesale,8995.24,631,0.183,4.06,1301.76,12
2022-12-04,East,Online,7162.07,493,0.193,3.93,991.84,26
2022-12-05,South,Retail,7911.81,517,0.053,3.99,980.33,32
2022-12-06,North,Retail,8660.55,579,0.032,4.11,673.33,34
2022-12-07,South,Online,7553.29,538,0.291,3.72,590.38,9
2022-12-08,South,Retail,8015.87,564,0.199,3.63,1173.01,8
2022-12-09,North,Online,7716.17,492,0.175,3.49,393.74,9
2022-12-10,South,Wholesale,5998.74,464,0.292,3.57,729.48,29
2022-12-11,South,Online,7824.15,582,0.306,4.7,943.79,34
2022-12-12,East,Online,6786.03,440,0.064,4.18,761.86,13
2022-12-13,East,Online,7165.82,546,0.244,3.4,1067.79,36
2022-12-14,North,Wholesale,7112.51,513,0.054,3.41,577.45,43
2022-12-15,South,Retail,6675.87,456,0.301,3.95,560.75,6
2022-12-16,East,Retail,7092.03,502,0.263,3.96,410.59,27
2022-12-17,South,Online,6593.05,492,0.383,3.96,621.59,35
2022-12-18,West,Retail,8113.85,518,0.028,3.72,,16
2022-12-19,East,Online,9070.04,634,0.023,3.76,764.96,23
2022-12-20,North,Wholesale,7775.51,535,0.113,3.89,1037.7,34
2022-12-21,North,Online,7274.63,497,0.105,3.82,1044.26,45
2022-12-22,East,Online,8210.37,507,0.099,3.12,563.01,42
2022-12-23,North,Online,7214.24,572,0.363,3.72,629.45,35
2022-12-24,East,Online,6528.66,418,0.1,3.53,932.7,31
2022-12-25,West,Retail,7872.79,548,0.109,3.84,442.3,23
2022-12-26,East,Online,7126.43,544,0.304,4.68,422.14,36
2022-12-27,South,Retail,6914.23,537,0.18,3.89,458.27,27
2022-12-28,East,Online,7542.98,525,0.311,3.68,826.12,14
2022-12-29,South,Retail,7602.89,421,0.026,4.05,494.55,30
2022-12-30,South,Online,7145.97,520,0.195,3.92,1049.08,31
2022-12-31,West,Online,7621.58,564,0.013,,721.55,23
2023-01-01,South,Retail,7720.11,556,0.025,3.95,773.18,51
2023-01-02,West,Online,5667.6,456,0.363,4.38,423.18,5
2023-01-03,West,Online,6456.59,426,0.056,3.43,626.91,16
2023-01-04,North,Wholesale,8098.09,606,0.213,3.9,940.93,9
2023-01-05,North,Wholesale,6519.91,438,0.164,3.48,815.76,34
2023-01-06,North,Online,6497.38,475,0.139,3.93,814.69,34
2023-01-07,North,Online,4958.6,417,0.36,3.48,534.48,16
2023-01-08,North,Retail,7220.7,514,0.009,3.63,1014.05,36
2023-01-09,East,Online,5809.69,523,0.266,3.66,765.37,23
2023-01-10,North,Online,7318.46,576,0.385,4.04,919.97,45
2023-01-11,South,Online,7595.08,535,0.224,4.02,421.99,27
2023-01-12,West,Retail,5842.0,463,0.375,3.37,296.12,21
2023-01-13,North,Retail,9435.76,580,0.021,3.76,,54
2023-01-14,West,Online,7799.84,532,0.168,3.53,907.53,17
2023-01-15,North,Online,7073.34,480,0.104,3.36,644.52,10
2023-01-16,North,Online,4880.45,368,0.292,3.67,440.41,23
2023-01-17,East,Retail,7669.43,594,0.393,3.64,1061.9,57
2023-01-18,East,Online,6253.55,412,0.103,4.46,872.72,18
2023-01-19,West,Online,5546.21,455,0.262,3.86,781.56,7
2023-01-20,East,Retail,8172.3,560,0.079,3.32,665.13,22
2023-01-21,West,Online,8547.54,614,0.226,3.56,1018.06,34
2023-01-22,North,Retail,7971.48,558,0.186,4.03,615.11,13
2023-01-23,North,Online,6545.07,518,0.389,4.35,452.01,35
2023-01-24,East,Online,7152.07,550,0.243,3.25,489.65,54
2023-01-25,West,Online,7760.8,519,0.14,3.16,653.54,26
2023-01-26,West,Retail,8073.91,527,0.046,4.28,750.84,22
2023-01-27,South,Wholesale,7636.06,512,0.06,3.83,1016.32,23
2023-01-28,South,Wholesale,7378.46,469,0.09,3.45,457.38,9
2023-01-29,East,Online,7206.37,475,0.1,3.87,889.93,42
2023-01-30,South,Retail,5832.45,442,0.34,2.92,601.59,20
2023-01-31,West,Online,6570.02,509,0.224,3.71,517.68,22
2023-02-01,West,Online,5609.08,423,0.209,3.8,556.88,29
2023-02-02,South,Wholesale,7361.61,505,0.046,,588.89,25
2023-02-03,East,Online,5643.74,470,0.344,3.4,618.6,32
2023-02-04,East,Online,5747.11,436,0.289,3.73,536.69,6
2023-02-05,North,Online,7634.37,526,0.027,3.42,507.23,43
2023-02-06,West,Online,7470.75,551,0.283,3.77,460.63,52
2023-02-07,South,Online,7413.61,545,0.217,3.43,775.98,37
2023-02-08,West,Retail,6217.44,403,0.033,3.57,871.94,38
2023-02-09,South,Online,6158.04,374,0.183,3.39,519.71,8
2023-02-10,West,Wholesale,7511.43,535,0.194,3.88,926.16,28
2023-02-11,South,Wholesale,6548.57,492,0.066,3.94,758.76,31
2023-02-12,North,Online,5978.8,502,0.378,3.61,855.9,31
2023-02-13,West,Online,6629.36,538,0.34,3.69,875.73,24
2023-02-14,North,Online,5861.03,481,0.268,3.25,625.14,19
2023-02-15,South,Retail,6914.89,500,0.185,3.59,800.07,10
2023-02-16,West,Online,5929.69,434,0.165,3.66,829.2,19
2023-02-17,West,Retail,6125.13,441,0.26,4.46,550.97,10
2023-02-18,East,Online,6924.95,495,0.218,3.34,572.55,37
2023-02-19,East,Retail,6158.95,434,0.025,4.11,314.61,12
2023-02-20,South,Online,7052.0,547,0.205,3.97,935.48,8
2023-02-21,North,Online,6276.38,478,0.323,3.75,816.54,28
2023-02-22,South,Wholesale,7206.17,503,0.184,4.19,435.58,32
2023-02-23,East,Retail,7586.44,509,0.021,3.77,816.95,45
2023-02-24,East,Online,7224.24,562,0.315,3.78,696.4,34
2023-02-25,East,Wholesale,7270.06,457,0.081,3.64,449.81,18
2023-02-26,East,Online,6756.86,402,0.103,4.02,,33
2023-02-27,North,Wholesale,7311.7,484,0.066,3.98,522.56,28
2023-02-28,South,Retail,7370.37,481,0.132,3.46,418.07,8
2023-03-01,North,Online,6356.38,469,0.303,3.25,695.93,28
2023-03-02,South,Online,6700.64,483,0.208,3.59,830.12,44
2023-03-03,South,Online,6595.48,442,0.082,3.41,351.17,20
2023-03-04,West,Retail,5690.69,493,0.351,3.63,659.39,18
2023-03-05,South,Retail,5195.66,426,0.352,4.01,536.34,9
2023-03-06,North,Online,7284.72,564,0.348,3.5,439.46,13
2023-03-07,North,Online,6113.14,445,0.096,3.63,411.12,21
2023-03-08,East,Wholesale,6235.89,417,0.18,3.65,665.98,26
2023-03-09,East,Wholesale,5482.96,475,0.394,3.89,436.64,8
2023-03-10,North,Retail,6860.11,516,0.309,2.96,986.7,48
2023-03-11,North,Online,7115.95,496,0.011,3.45,938.41,38
2023-03-12,East,Online,8273.64,524,0.026,3.69,1227.45,32
2023-03-13,North,Online,6205.31,404,0.186,3.99,471.4,34
2023-03-14,West,Wholesale,6214.66,511,0.364,3.48,913.38,8
2023-03-15,East,Online,5976.76,452,0.215,3.06,556.58,23
2023-03-16,North,Retail,8173.13,557,0.199,3.81,692.69,37
2023-03-17,North,Online,6269.53,400,0.042,3.43,345.04,33
2023-03-18,West,Retail,6598.7,526,0.263,3.26,364.75,42
2023-03-19,South,Retail,6559.05,467,0.329,3.43,781.85,16
2023-03-20,South,Wholesale,7084.32,552,0.152,3.56,678.63,52
2023-03-21,West,Online,6068.28,439,0.31,3.43,440.87,9
2023-03-22,West,Online,5827.94,484,0.386,2.95,649.21,43
2023-03-23,West,Online,7054.0,476,0.082,3.88,531.07,46
2023-03-24,East,Wholesale,6441.95,489,0.209,3.99,694.2,12
2023-03-25,South,Wholesale,7613.83,514,0.115,3.8,654.19,38
2023-03-26,North,Retail,7630.94,567,0.317,3.26,1009.99,7
2023-03-27,East,Retail,6057.46,451,0.231,3.54,800.01,20
2023-03-28,East,Retail,5406.77,381,0.254,3.59,528.43,21
2023-03-29,South,Online,6061.04,490,0.319,3.77,515.68,30
2023-03-30,West,Wholesale,8600.62,589,0.158,3.79,741.86,55
2023-03-31,North,Online,5414.63,427,0.366,3.37,707.0,30
2023-04-01,South,Online,7661.59,523,0.213,,634.52,27
2023-04-02,North,Retail,8328.97,491,0.063,3.72,590.57,40
2023-04-03,South,Online,5861.87,440,0.278,,342.74,42
2023-04-04,North,Online,6479.79,567,0.317,3.79,626.4,6
2023-04-05,North,Retail,8001.97,582,0.127,3.82,785.9,57
2023-04-06,North,Online,5742.92,450,0.343,3.6,770.07,8
2023-04-07,East,Retail,5785.1,450,0.362,4.0,417.24,37
2023-04-08,East,Online,6382.89,448,0.111,3.7,562.33,15
2023-04-09,East,Online,5144.81,438,0.393,3.31,673.15,9
2023-04-10,West,Online,6502.7,409,0.056,3.99,860.71,20
2023-04-11,South,Online,5973.74,447,0.081,3.78,528.44,30
2023-04-12,North,Retail,6959.43,500,0.074,3.43,667.5,22
2023-04-13,West,Online,5400.56,453,0.358,3.42,433.82,6
2023-04-14,North,Retail,6408.53,492,0.262,3.65,918.06,31
2023-04-15,West,Online,5755.08,396,0.061,3.7,356.03,36
2023-04-16,North,Retail,6783.94,507,0.176,3.62,972.65,22
2023-04-17,West,Wholesale,6870.97,525,0.246,3.65,813.43,15
2023-04-18,North,Retail,5474.4,361,0.033,4.06,564.72,17
2023-04-19,West,Online,6139.78,462,0.353,3.87,327.04,6
2023-04-20,South,Online,6825.38,522,0.321,3.61,665.88,43
2023-04-21,West,Online,5552.49,457,0.202,3.83,504.03,38
2023-04-22,North,Retail,6836.8,495,0.387,3.24,452.06,31
2023-04-23,East,Online,6843.56,445,0.167,3.66,,18
2023-04-24,West,Online,5270.65,435,0.394,4.08,775.39,35
2023-04-25,South,Retail,6130.43,463,0.267,3.47,651.17,27
2023-04-26,East,Online,6601.15,496,0.254,3.28,801.88,41
2023-04-27,East,Retail,6931.07,482,0.066,3.34,394.0,32
2023-04-28,South,Online,6204.46,477,0.353,3.21,569.36,38
2023-04-29,East,Online,5815.92,466,0.171,3.3,358.47,29
2023-04-30,East,Retail,6991.22,431,0.065,3.42,777.98,20
2023-05-01,West,Online,5938.19,372,0.005,3.11,854.2,35
2023-05-02,North,Retail,6206.73,455,0.224,3.53,721.08,26
2023-05-03,North,Online,5679.32,371,0.211,3.79,327.59,23
2023-05-04,West,Online,5545.76,421,0.288,3.25,473.98,12
2023-05-05,West,Wholesale,6615.86,562,0.356,3.98,695.1,37
2023-05-06,South,Retail,7801.26,527,0.032,,704.62,32
2023-05-07,East,Retail,6432.98,494,0.293,3.83,857.93,13
2023-05-08,North,Online,5937.03,372,0.075,3.32,780.52,5
2023-05-09,North,Retail,5618.75,424,0.343,3.77,624.71,27
2023-05-10,South,Online,6689.95,500,0.328,3.18,584.34,39
2023-05-11,South,Online,6365.45,458,0.216,3.78,480.81,26
2023-05-12,East,Wholesale,7613.03,602,0.284,3.56,461.25,18
2023-05-13,North,Online,6866.05,499,0.126,3.67,586.98,34
2023-05-14,West,Wholesale,6484.97,436,0.188,3.15,592.19,7
2023-05-15,West,Online,5643.05,449,0.329,3.23,663.52,22
